/*
REM *************************************************************
REM   ****** TABLAS CLIENTES, PEDIDOS, PRODUCTOS
REM******************************************************

REM ## TABLA CLIENTES
*/
DROP TABLE CLIENTES CASCADE CONSTRAINTS;
CREATE TABLE CLIENTES
(CLIENTE_NO		NUMBER(4),
 NOMBRE 		VARCHAR2(25),
 LOCALIDAD         	VARCHAR2(14),
 VENDEDOR_NO       	NUMBER(4),
 DEBE			NUMBER(9),
 HABER			NUMBER(9),
 LIMITE_CREDITO    	NUMBER(9),
 CONSTRAINT PK_CLIENTE_NO PRIMARY KEY(CLIENTE_NO)
);

-- REM ## TABLA PRODUCTOS
DROP TABLE PRODUCTOS CASCADE CONSTRAINTS;
CREATE TABLE PRODUCTOS
(PRODUCTO_NO  		NUMBER(4),
 DESCRIPCION  		VARCHAR2(30),
 PRECIO_ACTUAL 		NUMBER(8),
 STOCK_DISPONIBLE	NUMBER(9),
CONSTRAINT PK_PRODUCTO_NO PRIMARY KEY (PRODUCTO_NO) 
);

-- REM ## TABLA PEDIDOS
DROP TABLE PEDIDOS CASCADE CONSTRAINTS;
CREATE TABLE PEDIDOS
(PEDIDO_NO         	NUMBER(4),
 PRODUCTO_NO		NUMBER(4),
 CLIENTE_NO 		NUMBER(4),
 UNIDADES 	        NUMBER(4),
 FECHA_PEDIDO      	DATE,
CONSTRAINT PK_PEDIDO_NO PRIMARY KEY (PEDIDO_NO),
CONSTRAINT FK_PEDIDOS_PRODUCTO_NO FOREIGN KEY (PRODUCTO_NO)
		REFERENCES PRODUCTOS(PRODUCTO_NO) ON DELETE CASCADE,
CONSTRAINT FK_PEDIDOS_CLIENTE_NO FOREIGN KEY (CLIENTE_NO)
		REFERENCES CLIENTES(CLIENTE_NO) ON DELETE CASCADE 
);

-- REM ## CLIENTES
INSERT INTO CLIENTES VALUES (101, 'DISTRIBUCIONES GOMEZ', 'MADRID', 7499, 0,0,3000);
INSERT INTO CLIENTES   VALUES (102, 'LOGITRONICA S.L', 'BARCELONA', 7654,0,0,3000);
INSERT INTO CLIENTES   VALUES (103, 'INDUSTRIAS LACTEAS S.A.', 'LAS ROZAS', 7844,0,0, 6000);
INSERT INTO CLIENTES   VALUES (104, 'TALLERES ESTESO S.A.', 'SEVILLA', 7654, 0, 0, 3000);
INSERT INTO CLIENTES   VALUES (105, 'EDICIONES SANZ', 'BARCELONA', 7499, 0,0,3000);
INSERT INTO CLIENTES   VALUES (106, 'SIGNOLOGIC S.A.', 'MADRID', 7654,0,0,3000);
INSERT INTO CLIENTES   VALUES (107, 'MARTIN Y ASOCIADOS S.L.', 'ARAVACA' , 7844,0,0, 6000);
INSERT INTO CLIENTES   VALUES (108, 'MANUFACTURAS ALI S.A.', 'SEVILLA', 7654, 0, 0, 3000);

-- REM ## PRODUCTOS  
INSERT INTO PRODUCTOS   VALUES(10,'MESA DESPACHO MOD. GAVIOTA', 550, 50);
INSERT INTO PRODUCTOS   VALUES (20, 'SILLA DIRECTOR MOD. BUFALO', 670, 25);
INSERT INTO PRODUCTOS   VALUES (30, 'ARMARIO NOGAL DOS PUERTAS', 460, 20);
INSERT INTO PRODUCTOS   VALUES (40, 'MESA MODELO UNI?N',340, 15);
INSERT INTO PRODUCTOS   VALUES (50, 'ARCHIVADOR CEREZO',1050, 20);
INSERT INTO PRODUCTOS   VALUES (60, 'CAJA SEGURIDAD MOD B222', 280, 15);
INSERT INTO PRODUCTOS   VALUES (70, 'DESTRUCTORA DE PAPEL A3',450, 25);
INSERT INTO PRODUCTOS   VALUES (80, 'MODULO ORDENADOR MOD. ERGOS', 550, 25);

-- REM ## PEDIDOS  
INSERT INTO PEDIDOS   VALUES(1000, 20, 103, 3, '06/10/2005');
INSERT INTO PEDIDOS   VALUES(1001, 50, 106, 2, '06/10/2005');
INSERT INTO PEDIDOS   VALUES(1002, 10, 101, 4, '07/10/2005');
INSERT INTO PEDIDOS   VALUES(1003, 20, 105, 4, '16/10/2005');
INSERT INTO PEDIDOS   VALUES(1004, 40, 106, 8, '20/10/2005');
INSERT INTO PEDIDOS   VALUES(1005, 30, 105, 2, '20/10/2005');
INSERT INTO PEDIDOS   VALUES(1006, 70, 103, 3, '03/11/2005');
INSERT INTO PEDIDOS   VALUES(1007, 50, 101, 2, '06/11/2005');
INSERT INTO PEDIDOS   VALUES(1008 , 10, 106, 6, '16/11/2005');
INSERT INTO PEDIDOS   VALUES(1009, 20, 105, 2, '26/11/2005');
INSERT INTO PEDIDOS   VALUES(1010, 40, 102, 3, '20/12/2005');
INSERT INTO PEDIDOS   VALUES(1011, 30, 106, 2, '15/12/2005');
INSERT INTO PEDIDOS   VALUES(1012, 10, 105, 3, '06/12/2005');
INSERT INTO PEDIDOS   VALUES(1013, 30, 106, 2, '06/12/2005');
INSERT INTO PEDIDOS   VALUES(1014, 20, 101, 4, '07/1/2000');
INSERT INTO PEDIDOS   VALUES(1015, 70, 105, 4, '16/1/2000');
INSERT INTO PEDIDOS   VALUES(1016, 30, 106, 7, '18/1/2000');
INSERT INTO PEDIDOS   VALUES(1017, 20, 105, 6, '20/1/2000');


COMMIT;
-- REM ****************** FIN ************
